Provinsi;Year;Sampah;Udara;Air
Nangroe Aceh Darussalam;2019;254830,94;9,071;6,056
Sumatera Utara;2019;1387495,08;8,658;5,111
Sumatera Barat;2019;385930,44;8,945;5,319
Riau;2019;809051,48;9,020;5,355
Jambi;2019;260478,27;8,725;5,849
Sumatera Selatan;2019;840605,66;8,713;6,445
Bengkulu;2019;145167,8;9,269;4,764
Lampung;2019;417630,88;8,662;5,574
Kep. Bangka Belitung;2019;112959,03;9,194;6,929
Kep.Riau;2019;628416,44;9,063;5,400
DKI Jakarta;2019;2008546,37;6,797;4,194
Jawa Barat;2019;2907389,89;7,510;4,559
Jawa Tengah;2019;3662964,43;8,481;5,164
DI Yogyakarta;2019;783652,45;8,519;3,537
Jawa Timur;2019;5413713,5;8,306;5,079
Banten;2019;2425292,19;7,498;4,311
Bali;2019;797720,94;8,985;6,533
Nusa Tenggara Barat;2019;201611,65;8,751;4,023
Nusa Tenggara Timur;2019;836918,7003;8,818;5,948
Kalimantan Barat;2019;527737,08;9,004;5,000
Kalimantan Tengah;2019;320317,42;8,882;5,680
Kalimantan Selatan;2019;594528,74;8,878;5,531
Kalimantan Timur;2019;720985,78;9,002;6,201
Kalimantan Utara;2019;72429,19;9,379;5,222
Sulawesi Utara;2019;324890,49;9,241;4,548
Sulawesi Tengah;2019;227061,44;9,298;6,259
Sulawesi Selatan;2019;719270,89;8,960;5,840
Sulawesi Tenggara;2019;91459,73;9,001;5,055
Gorontalo;2019;125774,51;8,688;5,720
Sulawesi Barat;2019;90015,43;8,997;5,615
Maluku;2019;127501,04;8,872;5,756
Maluku Utara;2019;93119,65;9,238;5,361
Papua;2019;127677,29;9,256;4,729
Papua Barat;2019;12090,99;9,264;5,389
Nangroe Aceh Darussalam;2020;247624,51;8,951;6,143
Sumatera Utara;2020;1335152,13;8,922;5,333
Sumatera Barat;2020;487547,99;9,039;5,350
Riau;2020;800681,67;9,042;5,324
Jambi;2020;370256,76;8,565;5,675
Sumatera Selatan;2020;1417845,83;8,657;6,333
Bengkulu;2020;36225,81;9,052;5,083
Lampung;2020;386922,96;8,545;5,621
Kep. Bangka Belitung;2020;204915,05;9,103;6,563
Kep. Riau;2020;470096,4;9,080;5,000
DKI Jakarta;2020;3054812,22;6,669;4,273
Jawa Barat;2020;3430859,16;7,846;4,150
Jawa Tengah;2020;4236201,24;8,473;5,521
DI Yogyakarta;2020;451594,9;8,955;5,000
Jawa Timur;2020;3847380,64;8,406;5,385
Banten;2020;1319940,11;7,283;5,056
Bali;2020;904924,36;8,834;6,433
Nusa Tenggara Barat;2020;203220,16;8,863;5,098
Nusa Tenggara Timur;2020;88742,67;8,980;5,919
Kalimantan Barat;2020;524411,56;8,888;5,167
Kalimantan Tengah;2020;353012,84;8,984;5,361
Kalimantan Selatan;2020;463110,54;8,893;5,167
Kalimantan Timur;2020;596948,8;8,902;6,000
Kalimantan Utara;2020;80718,83;9,423;5,182
Sulawesi Utara;2020;292945,4;9,053;5,053
Sulawesi Tengah;2020;265689,17;9,180;6,167
Sulawesi Selatan;2020;1123807,02;8,873;5,238
Sulawesi Tenggara;2020;36945,01;9,121;5,160
Gorontalo;2020;75039,19;9,389;5,300
Sulawesi Barat;2020;91453,67;8,972;5,244
Maluku;2020;109991,62;9,041;5,567
Maluku Utara;2020;67249,72;9,210;5,000
Papua;2020;139131,79;9,483;5,222
Papua Barat;2020;77203,49;9,457;5,500
Nangroe Aceh Darussalam;2021;196604,37;8,963;5,714
Sumatera Utara;2021;2092364,46;8,955;5,372
Sumatera Barat;2021;425490,74;9,022;5,255
Riau;2021;650029,09;9,013;5,225
Jambi;2021;287374,47;8,708;4,896
Sumatera Selatan;2021;856484,08;8,628;5,825
Bengkulu;2021;38966,12;9,081;4,981
Lampung;2021;500345,08;8,546;5,777
Kep. Bangka Belitung;2021;191441,88;9,039;5,837
Kep. Riau;2021;141982,73;9,091;5,515
DKI Jakarta;2021;2354345,24;6,652;4,419
Jawa Barat;2021;4510863,43;7,934;4,309
Jawa Tengah;2021;5021888,22;8,460;4,794
DI Yogyakarta;2021;452637,63;8,859;4,573
Jawa Timur;2021;4068912;8,320;5,357
Banten;2021;795829,76;7,414;5,495
Bali;2021;915482,47;8,928;5,429
Nusa Tenggara Barat;2021;367512,99;8,852;4,510
Nusa Tenggara Timur;2021;153332,48;9,051;5,828
Kalimantan Barat;2021;437814;9,071;5,435
Kalimantan Tengah;2021;260338,52;9,039;5,534
Kalimantan Selatan;2021;782592,39;8,915;5,475
Kalimantan Timur;2021;666303,38;8,884;5,192
Kalimantan Utara;2021;20093,14;9,343;5,734
Sulawesi Utara;2021;312875,19;9,127;4,969
Sulawesi Tengah;2021;254913,08;9,133;5,584
Sulawesi Selatan;2021;1216987,46;8,913;5,682
Sulawesi Tenggara;2021;125445,34;9,089;5,326
Gorontalo;2021;51541,5;9,369;5,346
Sulawesi Barat;2021;48327,9;9,097;5,604
Maluku;2021;93074,44;9,070;5,556
Maluku Utara;2021;16834,53;9,164;5,308
Papua;2021;211578,67;9,560;5,444
Papua Barat;2021;70716,38;9,402;5,783
Nangroe Aceh Darussalam;2022;598630,37;9,062;6,041
Sumatera Utara;2022;2062420,3;8,969;6,120
Sumatera Barat;2022;958235,3;9,065;5,564
Riau;2022;856366,46;9,069;5,388
Jambi;2022;352484,44;8,985;4,949
Sumatera Selatan;2022;1253536,88;8,910;5,989
Bengkulu;2022;137034,72;9,127;4,618
Lampung;2022;629905,58;8,732;5,472
Kep. Bangka Belitung;2022;154292,07;8,975;5,768
Kep.Riau;2022;586454,74;9,027;5,679
DKI Jakarta;2022;3112381,41;6,806;4,117
Jawa Barat;2022;5351017,02;8,031;4,713
Jawa Tengah;2022;5904061,08;8,514;4,816
DI Yogyakarta;2022;691435,18;8,916;3,931
Jawa Timur;2022;5616863,25;8,428;5,613
Banten;2022;2627865,54;7,397;5,549
Bali;2022;1027433,75;8,919;5,350
Nusa Tenggara Barat;2022;814803,96;8,930;4,339
Nusa Tenggara Timur;2022;162984,51;9,152;5,262
Kalimantan Barat;2022;574099,34;9,090;5,552
Kalimantan Tengah;2022;358359;9,125;5,669
Kalimantan Selatan;2022;776827,15;8,952;5,463
Kalimantan Timur;2022;791828,97;8,759;5,302
Kalimantan Utara;2022;44338,49;9,452;5,446
Sulawesi Utara;2022;485946,26;9,241;4,824
Sulawesi Tengah;2022;405093,08;9,186;5,771
Sulawesi Selatan;2022;1317276,45;9,035;5,779
Sulawesi Tenggara;2022;264182,13;9,205;5,621
Gorontalo;2022;149170,71;9,447;5,807
Sulawesi Barat;2022;45956,42;9,188;5,641
Maluku;2022;73365,88;9,146;5,208
Maluku Utara;2022;67401,48;9,274;5,569
Papua;2022;287876,44;9,579;6,200
Papua Barat;2022;93778,11;9,532;5,507
